epoch,training_objective,train_loss,train_mae,validation_overall_proxy,validation_mae,validation_mse,validation_rmse,validation_mape_pct,validation_smape_pct,validation_wape_pct
1,wape,0.10308416793893155,269.83794203449906,242878518.7170829,253.7672119140625,2103414.5,1450.3153105445726,145727111168.0,20.598108291625977,12.093782424926758
2,wape,0.10070418760292513,264.1877770789584,249717364.15658364,252.28976440429688,2048669.875,1431.317531157919,149830418432.0,20.697845458984375,12.023372650146484
3,wape,0.0983819953817174,259.13075338951626,245751180.04838744,249.68051147460938,2034428.25,1426.333849419553,147450707968.0,20.09650993347168,11.899023056030273
4,wape,0.0965088678257806,254.7201201933667,245900383.67385986,245.34915161132812,2052846.375,1432.7757587982844,147540230144.0,19.70530891418457,11.69260311126709
5,wape,0.09462648695124719,250.3664875690202,242283943.3517603,242.15228271484375,2003408.75,1415.4182244128413,145370365952.0,18.985816955566406,11.540250778198242
6,wape,0.09233600999179639,244.5189384976724,246833616.31326115,242.9384002685547,2078433.5,1441.677321733265,148100169728.0,19.454824447631836,11.577713966369629
7,wape,0.09103521087339946,241.79531885591663,246203979.19062495,237.6405487060547,2017064.875,1420.2340916201103,147722387456.0,18.669370651245117,11.325235366821289
8,wape,0.08978234834800985,238.8870940014832,245871110.92409828,238.8942108154297,2018069.125,1420.5875984957775,147522666496.0,18.62908363342285,11.384980201721191
9,wape,0.08957155834799423,238.26393978721217,246457985.803745,238.09254455566406,2037443.75,1427.3905387104119,147874791424.0,18.401195526123047,11.34677505493164
10,wape,0.0891793519930732,236.58041801739455,244970810.12457725,236.58865356445312,2101807.0,1449.7610147882995,146982486016.0,18.739606857299805,11.275104522705078
11,wape,0.08840837992895814,235.6352147726188,245327462.49580404,235.4605255126953,1964665.125,1401.6651258414045,147196477440.0,18.23604393005371,11.221341133117676
12,wape,0.08818587365567236,234.2628630673975,246240652.0423629,234.97593688964844,1972907.0,1404.6020788821295,147744391168.0,18.17778778076172,11.198246955871582
13,wape,0.0876913771985617,233.48347296463817,245445727.6704888,235.85997009277344,2003194.5,1415.3425380451192,147267436544.0,18.823678970336914,11.240377426147461
14,wape,0.08737881088391282,232.2878971759538,242026141.1070837,232.69500732421875,1891840.5,1375.441928981373,145215684608.0,17.62125587463379,11.089545249938965
15,wape,0.08747083047839035,232.36808612794803,244831218.44109717,233.8614959716797,1888641.875,1374.2786744325185,146898731008.0,17.933807373046875,11.145136833190918
16,wape,0.08731271235790468,231.2208181625022,243741163.6143669,232.98117065429688,1934760.25,1390.95659529692,146244698112.0,17.75475311279297,11.103182792663574
17,wape,0.08692453054893286,231.87066074457383,242978952.62852243,232.2721710205078,1945560.625,1394.8335474170385,145787371520.0,18.26329231262207,11.0693941116333
18,wape,0.08640922956672827,230.21239555186796,243724834.22938764,233.6863250732422,2043669.625,1429.569734220755,146234900480.0,18.17717933654785,11.136788368225098
19,wape,0.08680034971102736,230.60981808999426,246233115.40077305,232.34381103515625,1911759.5,1382.663914333487,147739869184.0,17.771047592163086,11.072807312011719
20,wape,0.08608406434269776,229.2910435382585,245940224.09555104,232.77825927734375,1970597.5,1403.7797191867392,147564134400.0,18.31130027770996,11.093512535095215
21,wape,0.08647170971546854,229.71201160402225,244133560.41355225,232.1431121826172,1895907.375,1376.9195237921497,146480136192.0,17.53505516052246,11.063243865966797
22,wape,0.08613323318891059,228.96465295777284,245997185.8007047,232.4056854248047,1955270.125,1398.309738577258,147598311424.0,17.512935638427734,11.075757026672363
23,wape,0.08597511803745327,228.60385980821192,246919222.70838678,232.7297821044922,1958437.125,1399.441719043705,148151533568.0,18.076004028320312,11.091201782226562
24,wape,0.08570305720755929,228.06613431084426,245570464.52172244,231.20785522460938,2006202.375,1416.4047355893724,147342278656.0,17.992887496948242,11.018671989440918
25,wape,0.08557023807127673,227.72929422478927,246997729.37536776,232.50621032714844,2002470.75,1415.0868347914202,148198637568.0,18.074167251586914,11.080547332763672
26,wape,0.08584872146410154,228.13912420057713,246713466.9746519,230.85012817382812,1957326.375,1399.0448080744234,148028080128.0,18.019609451293945,11.001623153686523
27,wape,0.08523626938126141,227.2914243196186,245579448.41435254,230.022705078125,1912194.75,1382.8213008194516,147347668992.0,18.137807846069336,10.962191581726074
28,wape,0.08568248574558954,227.25116906417043,247468578.22755006,230.790771484375,1932958.875,1390.308913515266,148481146880.0,17.88214683532715,10.998795509338379
29,wape,0.08528175506376683,227.25076991489956,244320119.56149986,230.568603515625,1936690.25,1391.650189523215,146592071680.0,18.255107879638672,10.98820686340332
30,wape,0.08522398680784649,226.33244132135147,245122170.97516596,230.34814453125,2009842.875,1417.689273077849,147073302528.0,18.123552322387695,10.977700233459473
31,wape,0.08474376017325803,225.43148380365588,245389858.22801033,232.06541442871094,1900177.625,1378.4693050626843,147233914880.0,18.196456909179688,11.059540748596191
32,wape,0.08514832555127323,226.17088043671802,247094094.60121,231.2217254638672,1918595.25,1385.1336578106823,148256456704.0,18.10686683654785,11.019332885742188
33,wape,0.0850372280113231,225.91348008464155,243191753.4813974,229.60589599609375,1971464.25,1404.088405336359,145915052032.0,18.117334365844727,10.942327499389648
34,wape,0.08449393225119527,225.90364991381654,244346798.17382082,229.42459106445312,1873039.75,1368.590424487911,146608078848.0,18.06741714477539,10.933687210083008
35,wape,0.08490092711229073,225.84245860164327,245050354.43971905,229.61602783203125,1945125.625,1394.6776061154778,147030212608.0,17.236522674560547,10.94281005859375
36,wape,0.08471193800967439,224.9197818956877,242944109.3212298,230.7361297607422,1920101.375,1385.677226124468,145766465536.0,18.157670974731445,10.996190071105957
37,wape,0.08486363214993835,225.11152338013613,244171680.5209277,229.51214599609375,1931298.125,1389.7115258210965,146503008256.0,18.038684844970703,10.937859535217285
38,wape,0.08453777188197115,224.2596664428711,244881954.22595012,228.06179809570312,1944276.375,1394.3731118319802,146929172480.0,17.12744903564453,10.86874008178711
39,wape,0.08441284539220029,224.0332795107275,241878794.33411288,229.10162353515625,1902210.75,1379.2065653846055,145127276544.0,18.130544662475586,10.918294906616211
40,wape,0.08410349501142825,223.61086373006492,244431339.61457098,229.9329071044922,1963891.0,1401.3889538597057,146658803712.0,18.026805877685547,10.957911491394043
41,wape,0.08439753634252943,224.20248589766652,246185956.7878749,230.6141815185547,1958209.125,1399.36025561683,147711574016.0,17.971635818481445,10.990379333496094
42,wape,0.08440019011049342,223.7002848919173,244127252.57448542,228.3574981689453,2003617.5,1415.4919639475174,146476351488.0,17.934734344482422,10.882832527160645
43,wape,0.08406319875914352,223.95124475005875,244376180.1483688,231.01934814453125,1993902.75,1412.0562134702711,146625708032.0,18.057592391967773,11.009688377380371
44,wape,0.08378669790979615,223.07929338727678,241726313.9043549,227.06689453125,1888168.875,1374.1065733777712,145035788288.0,16.53836441040039,10.82132625579834
45,wape,0.08392536929227355,222.84776341717944,244401001.90566805,229.2412872314453,1925899.75,1387.7679020643186,146640601088.0,16.93490219116211,10.924951553344727
46,wape,0.0838839026994275,222.66261484246505,245379918.6014929,230.96380615234375,1946323.25,1395.1068955460007,147227951104.0,18.166601181030273,11.007040977478027
47,wape,0.08402053778220836,223.47354872854132,242486176.5218372,230.935791015625,1962805.0,1401.0014275510214,145491705856.0,18.296173095703125,11.005705833435059
48,wape,0.08416464672725003,222.9033807166537,244340790.7065723,229.46041870117188,2004436.125,1415.7811006649297,146604474368.0,17.077808380126953,10.935393333435059
49,wape,0.08385767559695961,222.53194186561987,245319215.88088274,228.86810302734375,1943722.5,1394.1744869276586,147191529472.0,18.012807846069336,10.90716552734375
50,wape,0.08324587783755216,222.22866555120711,241719077.6382906,228.28102111816406,1934119.125,1390.7261143014464,145031446528.0,16.560073852539062,10.87918758392334
51,wape,0.08411305657118782,222.60058569657176,242476946.86828998,230.47471618652344,2012805.0,1418.7335902134691,145486168064.0,17.97173309326172,10.983733177185059
52,wape,0.08371082061999723,222.13598703943697,244238527.24101374,228.5651397705078,1988361.125,1410.092594477398,146543116288.0,17.905052185058594,10.892727851867676
53,wape,0.08368447053813396,221.84713052161655,243206499.0803167,227.61878967285156,1937495.75,1391.939564061601,145923899392.0,17.822450637817383,10.847627639770508
54,wape,0.0833027265181667,221.03863256927718,247992565.85467908,231.09730529785156,1978497.25,1406.5906476299351,148795539456.0,17.91031837463379,11.013402938842773
55,wape,0.08306905241837179,220.99197011388335,243554167.5605285,228.04379272460938,1966444.75,1402.299807459161,146132500480.0,17.7690486907959,10.867881774902344
56,wape,0.08333782392897104,221.34244913660493,245659566.17505166,230.7548065185547,1984484.125,1408.7171912772271,147395739648.0,18.137710571289062,10.99708080291748
